{"boundaryID": "BOL-ADM3-33444609", "boundaryISO": "BOL", "boundaryYear": "2015", "boundaryType": "ADM3", "boundarySource": "GeoBolivia", "boundaryCanonical": "", "boundaryLicense": "Public Domain", "licenseDetail": "Public Domain; \"free use and access to information\"", "licenseSource": "https//geo.gob.bo/geonetwork/srv/spa/catalog.search#/metadata/aeeb85a9-23df-48d4-a4e5-dd19e8b206db", "boundarySourceURL": "https//geo.gob.bo/geonetwork/srv/spa/catalog.search#/metadata/aeeb85a9-23df-48d4-a4e5-dd19e8b206db", "sourceDataUpdateDate": "Thu Jan 19 07:31:04 2023", "buildDate": "Jan 23, 2023", "admUnitCount": "339", "meanVertices": "2155.0", "minVertices": "15", "maxVertices": "13043", "meanPerimeterLengthKM": "289.8707327270858", "maxPerimeterLengthKM": "1467.840947828523", "minPerimeterLengthKM": "19.201856408983524", "meanAreaSqKM": "3152.753660128694", "minAreaSqKM": "12.918844889992227", "maxAreaSqKM": "70954.12578048409"}